{
  "experiment": "evolutionary_dials",
  "parameters": {
    "population_size": 100,
    "generations": 200,
    "mutation_rate": 0.1,
    "novelty_weight": 0.5,
    "elite_fraction": 0.1
  },
  "traditions": {
    "western_classical": [
      0.72,
      0.68,
      0.55
    ],
    "jazz": [
      0.65,
      0.74,
      0.6
    ],
    "gamelan": [
      0.4,
      0.58,
      0.7
    ],
    "carnatic": [
      0.62,
      0.7,
      0.5
    ],
    "blues": [
      0.55,
      0.72,
      0.45
    ],
    "gagaku": [
      0.35,
      0.4,
      0.75
    ],
    "arabic_maqam": [
      0.58,
      0.65,
      0.52
    ],
    "flamenco": [
      0.52,
      0.78,
      0.48
    ],
    "throat_singing": [
      0.3,
      0.35,
      0.82
    ],
    "minimalism": [
      0.75,
      0.3,
      0.25
    ]
  },
  "best_ever": {
    "dials": {
      "vert": 1.0,
      "horiz": 1.0,
      "spectral": 1.0
    },
    "fitness": 1.6708119190818362
  },
  "species": [
    {
      "rank": 1,
      "dials": {
        "vert": 1.0,
        "horiz": 1.0,
        "spectral": 1.0
      },
      "fitness": 1.6708119190818362,
      "surplus": 1.5,
      "novelty": 0.5916924876994806,
      "nearest_tradition": "jazz",
      "distance_to_nearest": 0.5916924876994806
    }
  ],
  "history_summary": [
    {
      "generation": 0,
      "best_fitness": 1.4474798231892243,
      "avg_fitness": 0.0792636648424484,
      "avg_surplus": -0.014386202719523386,
      "avg_novelty": 0.32440314123467023,
      "best_dials": [
        0.9404585843529143,
        0.9539285770025874,
        0.9148643902204485
      ],
      "centroid": [
        0.47684923284950814,
        0.512461370057331,
        0.49630319437363757
      ],
      "closest_tradition": "arabic_maqam"
    },
    {
      "generation": 20,
      "best_fitness": 1.6708119190818362,
      "avg_fitness": 1.5351766867194347,
      "avg_surplus": 1.3810670944395198,
      "avg_novelty": 0.5338356276576254,
      "best_dials": [
        1.0,
        1.0,
        1.0
      ],
      "centroid": [
        0.9590579274369355,
        0.9555797254833002,
        0.9664294415192846
      ],
      "closest_tradition": "jazz"
    },
    {
      "generation": 40,
      "best_fitness": 1.6708119190818362,
      "avg_fitness": 1.5374587818679293,
      "avg_surplus": 1.3832912592462356,
      "avg_novelty": 0.5340362983615468,
      "best_dials": [
        1.0,
        1.0,
        1.0
      ],
      "centroid": [
        0.9647462652897429,
        0.955199850875989,
        0.9633451430805038
      ],
      "closest_tradition": "jazz"
    },
    {
      "generation": 60,
      "best_fitness": 1.6708119190818362,
      "avg_fitness": 1.5272020019446577,
      "avg_surplus": 1.3749307721373722,
      "avg_novelty": 0.5274675400524356,
      "best_dials": [
        1.0,
        1.0,
        1.0
      ],
      "centroid": [
        0.9559115049317457,
        0.9598026754678353,
        0.9592165917377912
      ],
      "closest_tradition": "jazz"
    },
    {
      "generation": 80,
      "best_fitness": 1.6708119190818362,
      "avg_fitness": 1.5494517770457057,
      "avg_surplus": 1.3944961298383791,
      "avg_novelty": 0.5367663619261801,
      "best_dials": [
        1.0,
        1.0,
        1.0
      ],
      "centroid": [
        0.9665768819296133,
        0.9686150283631497,
        0.9593042195456161
      ],
      "closest_tradition": "jazz"
    },
    {
      "generation": 100,
      "best_fitness": 1.6708119190818362,
      "avg_fitness": 1.5607151325594832,
      "avg_surplus": 1.4042359988579949,
      "avg_novelty": 0.5420437191419576,
      "best_dials": [
        1.0,
        1.0,
        1.0
      ],
      "centroid": [
        0.9649279126222555,
        0.9730643343833623,
        0.966243751852377
      ],
      "closest_tradition": "jazz"
    },
    {
      "generation": 120,
      "best_fitness": 1.6708119190818362,
      "avg_fitness": 1.5392929518914693,
      "avg_surplus": 1.3853496634289568,
      "avg_novelty": 0.5332595512341427,
      "best_dials": [
        1.0,
        1.0,
        1.0
      ],
      "centroid": [
        0.9613259904450575,
        0.9619874447265008,
        0.9620362282573979
      ],
      "closest_tradition": "jazz"
    },
    {
      "generation": 140,
      "best_fitness": 1.6708119190818362,
      "avg_fitness": 1.5478639023398788,
      "avg_surplus": 1.3928440125657153,
      "avg_novelty": 0.5369888981777013,
      "best_dials": [
        1.0,
        1.0,
        1.0
      ],
      "centroid": [
        0.9626532771903099,
        0.9645611050754175,
        0.9656296302999878
      ],
      "closest_tradition": "jazz"
    },
    {
      "generation": 160,
      "best_fitness": 1.6708119190818362,
      "avg_fitness": 1.536058047199122,
      "avg_surplus": 1.3825718501081252,
      "avg_novelty": 0.5316761867232116,
      "best_dials": [
        1.0,
        1.0,
        1.0
      ],
      "centroid": [
        0.9495515173658423,
        0.9692000987936743,
        0.9638202339486086
      ],
      "closest_tradition": "jazz"
    },
    {
      "generation": 180,
      "best_fitness": 1.6708119190818362,
      "avg_fitness": 1.5456639626590742,
      "avg_surplus": 1.3912684499217625,
      "avg_novelty": 0.5348260561220483,
      "best_dials": [
        1.0,
        1.0,
        1.0
      ],
      "centroid": [
        0.9705282822862269,
        0.9645948061003871,
        0.9561453615351486
      ],
      "closest_tradition": "jazz"
    }
  ],
  "full_history_length": 200,
  "final_centroid": [
    0.96656371043964,
    0.9598537321780687,
    0.9576116602982938
  ],
  "unexplored_region_count": 563,
  "evolved_in_unexplored": 1,
  "wav_files": {
    "species_1": "/home/phoenix/.openclaw/workspace/docs/experiments/output/evolved_species_01.wav"
  }
}