{
  "Tone (20ms)": {
    "window_ms": 20.0,
    "dominant_freqs_hz": [
      [
        250.0,
        44.05347598163592
      ],
      [
        200.0,
        29.699333589526017
      ],
      [
        350.0,
        26.54029713438569
      ],
      [
        150.0,
        26.421518546857634
      ],
      [
        300.0,
        25.162904064350354
      ]
    ],
    "n_fft_bins": 442,
    "freq_resolution_hz": 50.0
  },
  "Note (200ms)": {
    "window_ms": 200.0,
    "dominant_freqs_hz": [
      [
        175.0,
        327.690246475628
      ],
      [
        220.0,
        281.83866413578073
      ],
      [
        260.0,
        263.264791820783
      ],
      [
        350.0,
        262.672684250698
      ],
      [
        525.0,
        231.709510081388
      ]
    ],
    "n_fft_bins": 4411,
    "freq_resolution_hz": 5.0
  },
  "Phrase (2s)": {
    "window_ms": 2000.0,
    "dominant_freqs_hz": [
      [
        174.5,
        2861.348569688094
      ],
      [
        261.5,
        2534.2353957170803
      ],
      [
        220.0,
        2264.4389378838778
      ],
      [
        175.0,
        2217.232712222178
      ],
      [
        349.0,
        2151.6835446018667
      ]
    ],
    "n_fft_bins": 44101,
    "freq_resolution_hz": 0.5
  },
  "Section (10s)": {
    "window_ms": 10000.0,
    "dominant_freqs_hz": [
      [
        261.8,
        7244.075002024336
      ],
      [
        391.90000000000003,
        6640.730981754646
      ],
      [
        293.8,
        6592.340654296035
      ],
      [
        261.7,
        5958.162804048922
      ],
      [
        392.0,
        5782.012875133141
      ]
    ],
    "n_fft_bins": 220501,
    "freq_resolution_hz": 0.1
  }
}