{
  "n_composers": 100000,
  "meantone_sync_density": {
    "mean": 0.16788718104362488,
    "std": 0.04671768844127655
  },
  "et_sync_density": {
    "mean": 0.3002917170524597,
    "std": 0.05711083114147186
  },
  "meantone_rhythmic_entropy": {
    "mean": 0.0,
    "std": 0.0
  },
  "et_rhythmic_entropy": {
    "mean": 0.0,
    "std": 0.0
  },
  "conservation_check": {
    "meantone_total": 0.44,
    "et_total": 0.0
  }
}