{
  "observed_mean_pairwise_dist": 1.1878266429452262,
  "random_mean_pairwise_dist_mean": 0.9903123708101726,
  "random_mean_pairwise_dist_std": 0.10798228394451287,
  "p_value_pairwise": 0.029,
  "observed_mean_nn_dist": 0.4444172204923055,
  "random_mean_nn_dist_mean": 0.40289033952043257,
  "random_mean_nn_dist_std": 0.06457566842353224,
  "p_value_nn": 0.743,
  "conclusion": "Traditions do NOT significantly cluster beyond random",
  "n_random_points": 10000,
  "n_permutations": 1000
}