{
  "experiment": "Coherent States as Musical Instruments",
  "coherent_instruments": {
    "flute": {
      "alpha": {
        "real": 1.0,
        "imag": 0.0,
        "magnitude": 1.0
      },
      "mean_n": 1.0,
      "std_n": 0.9999999999999999,
      "relative_width": 0.9999999999999999,
      "phonon_dist": {
        "n": [
          0,
          1,
          2,
          3,
          4,
          5,
          6,
          7,
          8,
          9,
          10,
          11,
          12,
          13,
          14,
          15,
          16,
          17,
          18,
          19,
          20,
          21,
          22,
          23,
          24,
          25,
          26,
          27,
          28,
          29,
          30,
          31,
          32,
          33,
          34,
          35,
          36,
          37,
          38,
          39
        ],
        "P": [
          0.36787944117144233,
          0.36787944117144233,
          0.18393972058572122,
          0.06131324019524036,
          0.0153283100488101,
          0.003065662009762016,
          0.0005109436682936691,
          7.299195261338137e-05,
          9.123994076672685e-06,
          1.0137771196302995e-06,
          1.0137771196302983e-07,
          9.216155633002696e-09,
          7.680129694168929e-10,
          5.90779207243764e-11,
          4.2198514803125845e-12,
          2.8132343202083986e-13,
          1.7582714501302485e-14,
          1.0342773236060256e-15,
          5.745985131144603e-17,
          3.0242027006024175e-18,
          1.5121013503012098e-19,
          7.200482620481953e-21,
          3.2729466456736263e-22,
          1.4230202807276537e-23,
          5.9292511696985805e-25,
          2.3717004678794356e-26,
          9.12192487645929e-28,
          3.378490694984922e-29,
          1.206603819637491e-30,
          4.1607028263361734e-32,
          1.3869009421120349e-33,
          4.473874006813067e-35,
          1.3980856271290904e-36,
          4.236623112512367e-38,
          1.2460656213271609e-39,
          3.5601874895061827e-41,
          9.88940969307274e-43,
          2.6728134305601966e-44,
          7.033719554105807e-46,
          1.8035178343860963e-47
        ]
      }
    },
    "trumpet": {
      "alpha": {
        "real": 5.0,
        "imag": 0.0,
        "magnitude": 5.0
      },
      "mean_n": 25.0,
      "std_n": 4.999999736316517,
      "relative_width": 0.19999998945266068,
      "phonon_dist": {
        "n": [
          0,
          1,
          2,
          3,
          4,
          5,
          6,
          7,
          8,
          9,
          10,
          11,
          12,
          13,
          14,
          15,
          16,
          17,
          18,
          19,
          20,
          21,
          22,
          23,
          24,
          25,
          26,
          27,
          28,
          29,
          30,
          31,
          32,
          33,
          34,
          35,
          36,
          37,
          38,
          39
        ],
        "P": [
          1.3887943894296235e-11,
          3.4719859735740534e-10,
          4.3399824669675825e-09,
          3.616652055806309e-08,
          2.2604075348789435e-07,
          1.1302037674394708e-06,
          4.709182364331115e-06,
          1.6818508444039757e-05,
          5.255783888762425e-05,
          0.0001459939969100673,
          0.0003649849922751686,
          0.0008295113460799257,
          0.0017281486376665132,
          0.0033233627647432907,
          0.00593457636561303,
          0.009890960609355065,
          0.015454625952117263,
          0.0227273911060547,
          0.03156582098063157,
          0.04153397497451539,
          0.051917468718144184,
          0.061806510378742574,
          0.07023467088493536,
          0.07634203357058181,
          0.07952295163602234,
          0.07952295163602291,
          0.07646437657309764,
          0.0708003486787945,
          0.06321459703463929,
          0.05449534227124026,
          0.04541278522603306,
          0.03662321389196225,
          0.02861188585309581,
          0.021675671100830133,
          0.015937993456492536,
          0.011384281040351904,
          0.007905750722466538,
          0.005341723461126062,
          0.0035142917507408633,
          0.0022527511222697545
        ]
      }
    },
    "brass": {
      "alpha": {
        "real": 20.0,
        "imag": 0.0,
        "magnitude": 20.0
      },
      "mean_n": 400.0,
      "std_n": 341.1721365713625,
      "relative_width": 0.8529303414284063,
      "phonon_dist": {
        "n": [
          0,
          1,
          2,
          3,
          4,
          5,
          6,
          7,
          8,
          9,
          10,
          11,
          12,
          13,
          14,
          15,
          16,
          17,
          18,
          19,
          20,
          21,
          22,
          23,
          24,
          25,
          26,
          27,
          28,
          29,
          30,
          31,
          32,
          33,
          34,
          35,
          36,
          37,
          38,
          39
        ],
        "P": [
          3.55956806202781e-74,
          1.4238272248111022e-71,
          2.8476544496223166e-69,
          3.796872599496373e-67,
          3.7968725994963005e-65,
          3.0374980795970284e-63,
          2.0249987197314373e-61,
          1.1571421255607603e-59,
          5.785710627804008e-58,
          2.571426945690643e-56,
          1.0285707782762512e-54,
          3.7402573755500725e-53,
          1.2467524585166699e-51,
          3.836161410820602e-50,
          1.0960461173773172e-48,
          2.9227896463395077e-47,
          7.306974115848604e-46,
          1.7192880272584637e-44,
          3.820640060574533e-43,
          8.043452759103857e-42,
          1.6086905518207593e-40,
          3.064172479658783e-39,
          5.571222690288471e-38,
          9.689082939631904e-37,
          1.614847156605379e-35,
          2.5837554505686257e-34,
          3.9750083854900425e-33,
          5.888901311837051e-32,
          8.412716159767696e-31,
          1.1603746427265766e-29,
          1.547166190302009e-28,
          1.9963434713574797e-27,
          2.49542933919693e-26,
          3.0247628353901087e-25,
          3.558544512223586e-24,
          4.0669080139701074e-23,
          4.518786682188942e-22,
          4.885174791555393e-21,
          5.142289254268848e-20,
          5.274142824891246e-19
        ]
      }
    },
    "organ": {
      "alpha": {
        "real": 10.0,
        "imag": 0.0,
        "magnitude": 10.0
      },
      "mean_n": 100.0,
      "std_n": 42.33181904555915,
      "relative_width": 0.4233181904555915,
      "phonon_dist": {
        "n": [
          0,
          1,
          2,
          3,
          4,
          5,
          6,
          7,
          8,
          9,
          10,
          11,
          12,
          13,
          14,
          15,
          16,
          17,
          18,
          19,
          20,
          21,
          22,
          23,
          24,
          25,
          26,
          27,
          28,
          29,
          30,
          31,
          32,
          33,
          34,
          35,
          36,
          37,
          38,
          39
        ],