{
  "A_molecular_dynamics": {
    "experiment": "Molecular Dynamics",
    "alpha": 1.0,
    "predicted_alpha": "0.55-0.70",
    "A": 0.2443650967602321,
    "S": 0.9635210614821338,
    "R": 0.9907026245270536,
    "cr": 0.022144217570114293,
    "fiedler_accuracy": 0.6,
    "disruption_alpha": 0.9174702760215032,
    "verdict": "PARTIAL"
  },
  "B_hash_chains": {
    "experiment": "Hash Chains",
    "results": {
      "numeric_4byte": {
        "alpha": 0.007473629879262568,
        "cr": 0.018252037141807054,
        "A": 0.8282193249035567,
        "S": 0.1388858491118551,
        "R": 0.9972720583686716
      },
      "numeric_8byte": {
        "alpha": 0.007473629888560211,
        "cr": 0.018252037156376178,
        "A": 0.8282193249035567,
        "S": 0.13888584909412804,
        "R": 0.9972720583686716
      },
      "byte_sum": {
        "alpha": 0.010175500275314636,
        "cr": 0.025453047574920434,
        "A": 0.8282193249035567,
        "S": 0.20605229748049958,
        "R": 0.9972720583686716
      }
    },
    "avg_alpha": 0.008374253347712472,
    "verdict": "CONFIRMED"
  },
  "C_game_theory": {
    "experiment": "Game Theory",
    "results": {
      "RPS": {
        "alpha": null,
        "A": 0.9629768117815776,
        "S": 1.0,
        "R": 0.9999773026115024,
        "type": "Symmetric"
      },
      "MatchingPennies": {
        "alpha": null,
        "A": 0.9992795504327986,
        "S": 1.0,
        "R": 0.0,
        "type": "Symmetric"
      },
      "HawkDove": {
        "alpha": null,
        "A": 0.9420330858475339,
        "S": 1.0,
        "R": 0.0,
        "type": "Symmetric"
      },
      "EntryGame": {
        "alpha": 0.31202104662583946,
        "A": 0.4747987626479697,
        "S": 0.2133151421965095,
        "R": 0.7703486944579434,
        "type": "Asymmetric"
      },
      "MarketGame": {
        "alpha": 0.3074462978049127,
        "A": 0.47736215510582203,
        "S": 0.0,
        "R": 0.7122415179091215,
        "type": "Asymmetric"
      }
    },
    "sym_avg_alpha": null,
    "asym_avg_alpha": 0.30973367221537607,
    "verdict": "INCONCLUSIVE"
  }
}